[
{
    "model": "auth.permission",
    "pk": 1,
    "fields": {
        "name": "Can add log entry",
        "content_type": 1,
        "codename": "add_logentry"
    }
},
{
    "model": "auth.permission",
    "pk": 2,
    "fields": {
        "name": "Can change log entry",
        "content_type": 1,
        "codename": "change_logentry"
    }
},
{
    "model": "auth.permission",
    "pk": 3,
    "fields": {
        "name": "Can delete log entry",
        "content_type": 1,
        "codename": "delete_logentry"
    }
},
{
    "model": "auth.permission",
    "pk": 4,
    "fields": {
        "name": "Can view log entry",
        "content_type": 1,
        "codename": "view_logentry"
    }
},
{
    "model": "auth.permission",
    "pk": 5,
    "fields": {
        "name": "Can add permission",
        "content_type": 2,
        "codename": "add_permission"
    }
},
{
    "model": "auth.permission",
    "pk": 6,
    "fields": {
        "name": "Can change permission",
        "content_type": 2,
        "codename": "change_permission"
    }
},
{
    "model": "auth.permission",
    "pk": 7,
    "fields": {
        "name": "Can delete permission",
        "content_type": 2,
        "codename": "delete_permission"
    }
},
{
    "model": "auth.permission",
    "pk": 8,
    "fields": {
        "name": "Can view permission",
        "content_type": 2,
        "codename": "view_permission"
    }
},
{
    "model": "auth.permission",
    "pk": 9,
    "fields": {
        "name": "Can add group",
        "content_type": 3,
        "codename": "add_group"
    }
},
{
    "model": "auth.permission",
    "pk": 10,
    "fields": {
        "name": "Can change group",
        "content_type": 3,
        "codename": "change_group"
    }
},
{
    "model": "auth.permission",
    "pk": 11,
    "fields": {
        "name": "Can delete group",
        "content_type": 3,
        "codename": "delete_group"
    }
},
{
    "model": "auth.permission",
    "pk": 12,
    "fields": {
        "name": "Can view group",
        "content_type": 3,
        "codename": "view_group"
    }
},
{
    "model": "auth.permission",
    "pk": 13,
    "fields": {
        "name": "Can add user",
        "content_type": 4,
        "codename": "add_user"
    }
},
{
    "model": "auth.permission",
    "pk": 14,
    "fields": {
        "name": "Can change user",
        "content_type": 4,
        "codename": "change_user"
    }
},
{
    "model": "auth.permission",
    "pk": 15,
    "fields": {
        "name": "Can delete user",
        "content_type": 4,
        "codename": "delete_user"
    }
},
{
    "model": "auth.permission",
    "pk": 16,
    "fields": {
        "name": "Can view user",
        "content_type": 4,
        "codename": "view_user"
    }
},
{
    "model": "auth.permission",
    "pk": 17,
    "fields": {
        "name": "Can add content type",
        "content_type": 5,
        "codename": "add_contenttype"
    }
},
{
    "model": "auth.permission",
    "pk": 18,
    "fields": {
        "name": "Can change content type",
        "content_type": 5,
        "codename": "change_contenttype"
    }
},
{
    "model": "auth.permission",
    "pk": 19,
    "fields": {
        "name": "Can delete content type",
        "content_type": 5,
        "codename": "delete_contenttype"
    }
},
{
    "model": "auth.permission",
    "pk": 20,
    "fields": {
        "name": "Can view content type",
        "content_type": 5,
        "codename": "view_contenttype"
    }
},
{
    "model": "auth.permission",
    "pk": 21,
    "fields": {
        "name": "Can add session",
        "content_type": 6,
        "codename": "add_session"
    }
},
{
    "model": "auth.permission",
    "pk": 22,
    "fields": {
        "name": "Can change session",
        "content_type": 6,
        "codename": "change_session"
    }
},
{
    "model": "auth.permission",
    "pk": 23,
    "fields": {
        "name": "Can delete session",
        "content_type": 6,
        "codename": "delete_session"
    }
},
{
    "model": "auth.permission",
    "pk": 24,
    "fields": {
        "name": "Can view session",
        "content_type": 6,
        "codename": "view_session"
    }
},
{
    "model": "auth.permission",
    "pk": 25,
    "fields": {
        "name": "Can add master",
        "content_type": 7,
        "codename": "add_master"
    }
},
{
    "model": "auth.permission",
    "pk": 26,
    "fields": {
        "name": "Can change master",
        "content_type": 7,
        "codename": "change_master"
    }
},
{
    "model": "auth.permission",
    "pk": 27,
    "fields": {
        "name": "Can delete master",
        "content_type": 7,
        "codename": "delete_master"
    }
},
{
    "model": "auth.permission",
    "pk": 28,
    "fields": {
        "name": "Can view master",
        "content_type": 7,
        "codename": "view_master"
    }
},
{
    "model": "auth.permission",
    "pk": 29,
    "fields": {
        "name": "Can add services",
        "content_type": 8,
        "codename": "add_services"
    }
},
{
    "model": "auth.permission",
    "pk": 30,
    "fields": {
        "name": "Can change services",
        "content_type": 8,
        "codename": "change_services"
    }
},
{
    "model": "auth.permission",
    "pk": 31,
    "fields": {
        "name": "Can delete services",
        "content_type": 8,
        "codename": "delete_services"
    }
},
{
    "model": "auth.permission",
    "pk": 32,
    "fields": {
        "name": "Can view services",
        "content_type": 8,
        "codename": "view_services"
    }
},
{
    "model": "auth.permission",
    "pk": 33,
    "fields": {
        "name": "Can add master_ services",
        "content_type": 9,
        "codename": "add_master_services"
    }
},
{
    "model": "auth.permission",
    "pk": 34,
    "fields": {
        "name": "Can change master_ services",
        "content_type": 9,
        "codename": "change_master_services"
    }
},
{
    "model": "auth.permission",
    "pk": 35,
    "fields": {
        "name": "Can delete master_ services",
        "content_type": 9,
        "codename": "delete_master_services"
    }
},
{
    "model": "auth.permission",
    "pk": 36,
    "fields": {
        "name": "Can view master_ services",
        "content_type": 9,
        "codename": "view_master_services"
    }
},
{
    "model": "auth.permission",
    "pk": 37,
    "fields": {
        "name": "Can add booking",
        "content_type": 10,
        "codename": "add_booking"
    }
},
{
    "model": "auth.permission",
    "pk": 38,
    "fields": {
        "name": "Can change booking",
        "content_type": 10,
        "codename": "change_booking"
    }
},
{
    "model": "auth.permission",
    "pk": 39,
    "fields": {
        "name": "Can delete booking",
        "content_type": 10,
        "codename": "delete_booking"
    }
},
{
    "model": "auth.permission",
    "pk": 40,
    "fields": {
        "name": "Can view booking",
        "content_type": 10,
        "codename": "view_booking"
    }
},
{
    "model": "auth.permission",
    "pk": 41,
    "fields": {
        "name": "Can add schedule",
        "content_type": 11,
        "codename": "add_schedule"
    }
},
{
    "model": "auth.permission",
    "pk": 42,
    "fields": {
        "name": "Can change schedule",
        "content_type": 11,
        "codename": "change_schedule"
    }
},
{
    "model": "auth.permission",
    "pk": 43,
    "fields": {
        "name": "Can delete schedule",
        "content_type": 11,
        "codename": "delete_schedule"
    }
},
{
    "model": "auth.permission",
    "pk": 44,
    "fields": {
        "name": "Can view schedule",
        "content_type": 11,
        "codename": "view_schedule"
    }
},
{
    "model": "auth.group",
    "pk": 1,
    "fields": {
        "name": "administrator",
        "permissions": [
            41,
            42,
            44,
            25,
            26,
            28,
            33,
            34,
            36,
            29,
            30,
            32
        ]
    }
},
{
    "model": "auth.user",
    "pk": 2,
    "fields": {
        "password": "pbkdf2_sha256$390000$qr4eC18ZQXuTUOJT3Almn7$446zFBD7L13QuZDh7h0eL7qpOEND0Ppv98Zq5PGHIKs=",
        "last_login": "2023-04-21T10:08:54.076Z",
        "is_superuser": false,
        "username": "salon_admin",
        "first_name": "admin",
        "last_name": "salon",
        "email": "sa@salon.com",
        "is_staff": false,
        "is_active": true,
        "date_joined": "2023-04-21T10:08:46.674Z",
        "groups": [
            1
        ],
        "user_permissions": []
    }
},
{
    "model": "contenttypes.contenttype",
    "pk": 1,
    "fields": {
        "app_label": "admin",
        "model": "logentry"
    }
},
{
    "model": "contenttypes.contenttype",
    "pk": 2,
    "fields": {
        "app_label": "auth",
        "model": "permission"
    }
},
{
    "model": "contenttypes.contenttype",
    "pk": 3,
    "fields": {
        "app_label": "auth",
        "model": "group"
    }
},
{
    "model": "contenttypes.contenttype",
    "pk": 4,
    "fields": {
        "app_label": "auth",
        "model": "user"
    }
},
{
    "model": "contenttypes.contenttype",
    "pk": 5,
    "fields": {
        "app_label": "contenttypes",
        "model": "contenttype"
    }
},
{
    "model": "contenttypes.contenttype",
    "pk": 6,
    "fields": {
        "app_label": "sessions",
        "model": "session"
    }
},
{
    "model": "contenttypes.contenttype",
    "pk": 7,
    "fields": {
        "app_label": "salon",
        "model": "master"
    }
},
{
    "model": "contenttypes.contenttype",
    "pk": 8,
    "fields": {
        "app_label": "salon",
        "model": "services"
    }
},
{
    "model": "contenttypes.contenttype",
    "pk": 9,
    "fields": {
        "app_label": "salon",
        "model": "master_services"
    }
},
{
    "model": "contenttypes.contenttype",
    "pk": 10,
    "fields": {
        "app_label": "salon",
        "model": "booking"
    }
},
{
    "model": "contenttypes.contenttype",
    "pk": 11,
    "fields": {
        "app_label": "administrator",
        "model": "schedule"
    }
},
{
    "model": "salon.services",
    "pk": 1,
    "fields": {
        "name": "Чоловіча стрижка",
        "price": 450,
        "duration": 45
    }
},
{
    "model": "salon.services",
    "pk": 2,
    "fields": {
        "name": "Чоловіча стрижка \"під нуль\"",
        "price": 200,
        "duration": 30
    }
},
{
    "model": "salon.services",
    "pk": 3,
    "fields": {
        "name": "Стрижка \"модельна\"",
        "price": 600,
        "duration": 60
    }
},
{
    "model": "salon.services",
    "pk": 4,
    "fields": {
        "name": "Окантування бороди",
        "price": 150,
        "duration": 15
    }
},
{
    "model": "salon.services",
    "pk": 5,
    "fields": {
        "name": "Укладка волосся",
        "price": 300,
        "duration": 30
    }
},
{
    "model": "salon.services",
    "pk": 6,
    "fields": {
        "name": "Фарбування волосся",
        "price": 1300,
        "duration": 120
    }
},
{
    "model": "salon.services",
    "pk": 7,
    "fields": {
        "name": "Зачіска для випускного",
        "price": 1000,
        "duration": 120
    }
},
{
    "model": "salon.services",
    "pk": 8,
    "fields": {
        "name": "Зачіска для весілля",
        "price": 1200,
        "duration": 120
    }
},
{
    "model": "salon.services",
    "pk": 9,
    "fields": {
        "name": "Жіноча стрижка",
        "price": 350,
        "duration": 45
    }
},
{
    "model": "salon.services",
    "pk": 10,
    "fields": {
        "name": "Балояж",
        "price": 900,
        "duration": 120
    }
},
{
    "model": "salon.services",
    "pk": 11,
    "fields": {
        "name": "Мелірування",
        "price": 1200,
        "duration": 120
    }
},
{
    "model": "salon.services",
    "pk": 12,
    "fields": {
        "name": "Ботокс для волосся",
        "price": 1500,
        "duration": 120
    }
},
{
    "model": "salon.services",
    "pk": 13,
    "fields": {
        "name": "Доглядові процедури для волосся",
        "price": 400,
        "duration": 60
    }
},
{
    "model": "salon.services",
    "pk": 14,
    "fields": {
        "name": "Кератинове випрямлення",
        "price": 2000,
        "duration": 180
    }
},
{
    "model": "salon.services",
    "pk": 15,
    "fields": {
        "name": "Укладка до весілля",
        "price": 1000,
        "duration": 120
    }
},
{
    "model": "salon.services",
    "pk": 16,
    "fields": {
        "name": "Стрижка гарячими ножицями",
        "price": 600,
        "duration": 60
    }
},
{
    "model": "salon.services",
    "pk": 17,
    "fields": {
        "name": "Стрижка на середнє волосся",
        "price": 450,
        "duration": 45
    }
},
{
    "model": "salon.services",
    "pk": 18,
    "fields": {
        "name": "Стрижка на довге волосся",
        "price": 550,
        "duration": 60
    }
},
{
    "model": "salon.master",
    "pk": 1,
    "fields": {
        "name": "Марина",
        "phone": "0666666666",
        "status": 0,
        "rank": 1
    }
},
{
    "model": "salon.master",
    "pk": 2,
    "fields": {
        "name": "Оксана",
        "phone": "0677777777",
        "status": 0,
        "rank": 2
    }
},
{
    "model": "salon.master",
    "pk": 3,
    "fields": {
        "name": "Наталя",
        "phone": "",
        "status": 0,
        "rank": 0
    }
},
{
    "model": "salon.master_services",
    "pk": 1,
    "fields": {
        "master": 1,
        "service": 1
    }
},
{
    "model": "salon.master_services",
    "pk": 2,
    "fields": {
        "master": 1,
        "service": 2
    }
},
{
    "model": "salon.master_services",
    "pk": 3,
    "fields": {
        "master": 1,
        "service": 3
    }
},
{
    "model": "salon.master_services",
    "pk": 4,
    "fields": {
        "master": 1,
        "service": 4
    }
},
{
    "model": "salon.master_services",
    "pk": 5,
    "fields": {
        "master": 1,
        "service": 6
    }
},
{
    "model": "salon.master_services",
    "pk": 6,
    "fields": {
        "master": 1,
        "service": 7
    }
},
{
    "model": "salon.master_services",
    "pk": 7,
    "fields": {
        "master": 2,
        "service": 11
    }
},
{
    "model": "salon.master_services",
    "pk": 8,
    "fields": {
        "master": 2,
        "service": 12
    }
},
{
    "model": "salon.master_services",
    "pk": 9,
    "fields": {
        "master": 2,
        "service": 13
    }
},
{
    "model": "salon.master_services",
    "pk": 10,
    "fields": {
        "master": 2,
        "service": 14
    }
},
{
    "model": "salon.master_services",
    "pk": 11,
    "fields": {
        "master": 2,
        "service": 15
    }
},
{
    "model": "salon.master_services",
    "pk": 12,
    "fields": {
        "master": 2,
        "service": 16
    }
},
{
    "model": "salon.master_services",
    "pk": 13,
    "fields": {
        "master": 2,
        "service": 17
    }
},
{
    "model": "salon.master_services",
    "pk": 14,
    "fields": {
        "master": 2,
        "service": 18
    }
},
{
    "model": "salon.master_services",
    "pk": 15,
    "fields": {
        "master": 3,
        "service": 1
    }
},
{
    "model": "salon.master_services",
    "pk": 16,
    "fields": {
        "master": 3,
        "service": 2
    }
},
{
    "model": "salon.master_services",
    "pk": 17,
    "fields": {
        "master": 3,
        "service": 3
    }
},
{
    "model": "salon.master_services",
    "pk": 18,
    "fields": {
        "master": 3,
        "service": 18
    }
},
{
    "model": "salon.master_services",
    "pk": 19,
    "fields": {
        "master": 3,
        "service": 11
    }
}
]
